{"netWorth":[1000,1000,1000,1000,1000,1000,1000,995.1305575158786,995.1305575158786,995.1305575158786,1003.8560694047183,997.241568456727,997.241568456727,1001.932262569882,1010.4797496205197,1016.6645166734203,1016.6645166734203,1021.1119896103374,1023.335726078796,1027.8526907803525,1026.1153966643694,1026.1153966643694,1020.7122372138988,1020.7122372138988,1016.2465782370593,1016.2465782370593,1016.2465782370593,1014.384815608996,1014.384815608996,1014.384815608996,1014.384815608996,1018.7607004970369,1007.8893614783101,1007.8893614783101,1007.8893614783101,1007.8893614783101,1007.8893614783101,1007.8893614783101,1007.8893614783101,1007.8893614783101,1004.3119874402669,1004.3119874402669,1007.875905067805,1014.2909567973738,1016.4293073738967,1016.4293073738967,1016.4293073738967,996.2575336020305,996.2575336020305,996.2575336020305,996.2575336020305,986.5796032756107,986.5796032756107,986.5796032756107,986.5796032756107,986.5796032756107,1020.3026878966679,1030.4913645268598,1027.4060610402523,1027.4060610402523,1027.4060610402523,1032.8619415023281,1044.7656806923117,1047.8833266706406,1055.9608639781297,1057.519686967294,1038.3886775548206,1038.3886775548206,1045.5723214174488,1052.5446816370586,1059.2353303326438,1077.5465793942453,1079.588987943424,1074.0956132249435,1074.0956132249435,1074.0956132249435,1077.777829751523,1076.805168782238,1076.805168782238,1081.7236689741796,1087.2656410214374,1097.3797400076835,1110.40337431874,1113.659282896504,1119.4090788955343,1115.3218745106815,1115.3218745106815,1115.3218745106815,1119.3668702444,1126.9083877140442,1117.0358557537825,1117.0358557537825,1117.0358557537825,1117.0358557537825,1117.0358557537825,1117.0358557537825,1117.0358557537825,1124.8710544937067,1131.1808163108137],"sharesBrought":[0,0,0,0,0,0,7.057163020465773,0,0,7.03670313616093,7.03670313616093,0,6.949176463933153,6.949176463933153,6.949176463933153,6.949176463933153,6.949176463933153,6.949176463933153,6.949176463933153,6.949176463933153,0,6.9271275006033175,0,6.8702445797529705,0,0,6.895417140976112,0,0,0,6.837320137564006,6.837320137564006,0,0,0,0,0,0,0,7.154748076086534,0,7.127835255076414,7.127835255076414,7.127835255076414,7.127835255076414,7.127835255076414,7.127835255076414,0,0,0,7.116125240014504,0,0,0,0,7.175124387458987,7.175124387458987,7.175124387458987,0,0,7.0855590416569125,7.0855590416569125,7.0855590416569125,7.0855590416569125,7.0855590416569125,7.0855590416569125,0,7.042788100615983,7.042788100615983,7.042788100615983,7.042788100615983,7.042788100615983,7.042788100615983,0,6.947578352037151,6.947578352037151,6.947578352037151,0,6.9274650590725555,6.9274650590725555,6.9274650590725555,6.9274650590725555,6.9274650590725555,6.9274650590725555,6.9274650590725555,0,0,6.855924972403992,6.855924972403992,6.855924972403992,0,0,0,0,0,0,6.933804194623107,6.933804194623107,6.933804194623107],"stockInfo":[{"timeSeries":"DAILY","openPrice":163.96,"symbol":"IBM","date":"2023-12-28T00:00:00.000Z"},{"timeSeries":"DAILY","openPrice":163.14,"symbol":"IBM","date":"2023-12-27T00:00:00.000Z"},{"timeSeries":"DAILY","openPrice":162.23,"symbol":"IBM","date":"2023-12-26T00:00:00.000Z"},{"timeSeries":"DAILY","openPrice":161.1,"symbol":"IBM","date":"2023-12-22T00:00:00.000Z"},{"timeSeries":"DAILY","openPrice":160.59,"symbol":"IBM","date":"2023-12-21T00:00:00.000Z"},{"timeSeries":"DAILY","openPrice":161.29,"symbol":"IBM","date":"2023-12-20T00:00:00.000Z"},{"timeSeries":"DAILY","openPrice":161.8,"symbol":"IBM","date":"2023-12-19T00:00:00.000Z"},{"timeSeries":"DAILY","openPrice":162.23,"symbol":"IBM","date":"2023-12-18T00:00:00.000Z"},{"timeSeries":"DAILY","openPrice":162.3,"symbol":"IBM","date":"2023-12-15T00:00:00.000Z"},{"timeSeries":"DAILY","openPrice":162.93,"symbol":"IBM","date":"2023-12-14T00:00:00.000Z"},{"timeSeries":"DAILY","openPrice":164.37,"symbol":"IBM","date":"2023-12-13T00:00:00.000Z"},{"timeSeries":"DAILY","openPrice":163.27,"symbol":"IBM","date":"2023-12-12T00:00:00.000Z"},{"timeSeries":"DAILY","openPrice":162.68,"symbol":"IBM","date":"2023-12-11T00:00:00.000Z"},{"timeSeries":"DAILY","openPrice":160,"symbol":"IBM","date":"2023-12-08T00:00:00.000Z"},{"timeSeries":"DAILY","openPrice":161,"symbol":"IBM","date":"2023-12-07T00:00:00.000Z"},{"timeSeries":"DAILY","openPrice":161.59,"symbol":"IBM","date":"2023-12-06T00:00:00.000Z"},{"timeSeries":"DAILY","openPrice":160.76,"symbol":"IBM","date":"2023-12-05T00:00:00.000Z"},{"timeSeries":"DAILY","openPrice":160.29,"symbol":"IBM","date":"2023-12-04T00:00:00.000Z"},{"timeSeries":"DAILY","openPrice":158.41,"symbol":"IBM","date":"2023-12-01T00:00:00.000Z"},{"timeSeries":"DAILY","openPrice":156.95,"symbol":"IBM","date":"2023-11-30T00:00:00.000Z"},{"timeSeries":"DAILY","openPrice":156.15,"symbol":"IBM","date":"2023-11-29T00:00:00.000Z"},{"timeSeries":"DAILY","openPrice":155.44,"symbol":"IBM","date":"2023-11-28T00:00:00.000Z"},{"timeSeries":"DAILY","openPrice":154.99,"symbol":"IBM","date":"2023-11-27T00:00:00.000Z"},{"timeSeries":"DAILY","openPrice":155.13,"symbol":"IBM","date":"2023-11-24T00:00:00.000Z"},{"timeSeries":"DAILY","openPrice":154.5,"symbol":"IBM","date":"2023-11-22T00:00:00.000Z"},{"timeSeries":"DAILY","openPrice":154.6,"symbol":"IBM","date":"2023-11-21T00:00:00.000Z"},{"timeSeries":"DAILY","openPrice":152.51,"symbol":"IBM","date":"2023-11-20T00:00:00.000Z"},{"timeSeries":"DAILY","openPrice":153.29,"symbol":"IBM","date":"2023-11-17T00:00:00.000Z"},{"timeSeries":"DAILY","openPrice":153,"symbol":"IBM","date":"2023-11-16T00:00:00.000Z"},{"timeSeries":"DAILY","openPrice":150.4,"symbol":"IBM","date":"2023-11-15T00:00:00.000Z"},{"timeSeries":"DAILY","openPrice":149.45,"symbol":"IBM","date":"2023-11-14T00:00:00.000Z"},{"timeSeries":"DAILY","openPrice":148.46,"symbol":"IBM","date":"2023-11-13T00:00:00.000Z"},{"timeSeries":"DAILY","openPrice":147.44,"symbol":"IBM","date":"2023-11-10T00:00:00.000Z"},{"timeSeries":"DAILY","openPrice":146.55,"symbol":"IBM","date":"2023-11-09T00:00:00.000Z"},{"timeSeries":"DAILY","openPrice":149.25,"symbol":"IBM","date":"2023-11-08T00:00:00.000Z"},{"timeSeries":"DAILY","openPrice":149.03,"symbol":"IBM","date":"2023-11-07T00:00:00.000Z"},{"timeSeries":"DAILY","openPrice":147.89,"symbol":"IBM","date":"2023-11-06T00:00:00.000Z"},{"timeSeries":"DAILY","openPrice":147.45,"symbol":"IBM","date":"2023-11-03T00:00:00.000Z"},{"timeSeries":"DAILY","openPrice":145.77,"symbol":"IBM","date":"2023-11-02T00:00:00.000Z"},{"timeSeries":"DAILY","openPrice":145,"symbol":"IBM","date":"2023-11-01T00:00:00.000Z"},{"timeSeries":"DAILY","openPrice":143,"symbol":"IBM","date":"2023-10-31T00:00:00.000Z"},{"timeSeries":"DAILY","openPrice":143.19,"symbol":"IBM","date":"2023-10-30T00:00:00.000Z"},{"timeSeries":"DAILY","openPrice":143.62,"symbol":"IBM","date":"2023-10-27T00:00:00.000Z"},{"timeSeries":"DAILY","openPrice":142.2,"symbol":"IBM","date":"2023-10-26T00:00:00.000Z"},{"timeSeries":"DAILY","openPrice":137.5,"symbol":"IBM","date":"2023-10-25T00:00:00.000Z"},{"timeSeries":"DAILY","openPrice":136.74,"symbol":"IBM","date":"2023-10-24T00:00:00.000Z"},{"timeSeries":"DAILY","openPrice":136.63,"symbol":"IBM","date":"2023-10-23T00:00:00.000Z"},{"timeSeries":"DAILY","openPrice":138.15,"symbol":"IBM","date":"2023-10-20T00:00:00.000Z"},{"timeSeries":"DAILY","openPrice":138.64,"symbol":"IBM","date":"2023-10-19T00:00:00.000Z"},{"timeSeries":"DAILY","openPrice":140,"symbol":"IBM","date":"2023-10-18T00:00:00.000Z"},{"timeSeries":"DAILY","openPrice":137.12,"symbol":"IBM","date":"2023-10-17T00:00:00.000Z"},{"timeSeries":"DAILY","openPrice":139.28,"symbol":"IBM","date":"2023-10-16T00:00:00.000Z"},{"timeSeries":"DAILY","openPrice":139.77,"symbol":"IBM","date":"2023-10-13T00:00:00.000Z"},{"timeSeries":"DAILY","openPrice":142.51,"symbol":"IBM","date":"2023-10-12T00:00:00.000Z"},{"timeSeries":"DAILY","openPrice":142.51,"symbol":"IBM","date":"2023-10-11T00:00:00.000Z"},{"timeSeries":"DAILY","openPrice":142.6,"symbol":"IBM","date":"2023-10-10T00:00:00.000Z"},{"timeSeries":"DAILY","openPrice":142.3,